{
  "TP": 201,
  "FP": 254,
  "FN": 0,
  "precision": 0.44175824175824174,
  "recall": 1.0,
  "f1": 0.6128048780487805,
  "accuracy": 0.44175824175824174,
  "isv_gt": 0.46515094055585904,
  "isv_pred": 0.21781557918147637,
  "isv_error": 0.24733536137438267,
  "sf_gt": 0.6616163286909922,
  "sf_pred": 1.471460178920946,
  "sf_error": 0.8098438502299539
}