{
  "TP": 29,
  "FP": 12,
  "FN": 172,
  "precision": 0.7073170731707317,
  "recall": 0.14427860696517414,
  "f1": 0.2396694214876033,
  "accuracy": 0.14427860696517414,
  "isv_gt": 0.46515094055585904,
  "isv_pred": 16.00182761319499,
  "isv_error": 15.536676672639132,
  "sf_gt": 0.6616163286909922,
  "sf_pred": 0.13260097627585124,
  "sf_error": 0.529015352415141,
  "algorithm": "algo6_JS_accel"
}