{
  "TP": 200,
  "FP": 1336,
  "FN": 1,
  "precision": 0.13020833333333334,
  "recall": 0.9950248756218906,
  "f1": 0.23028209556706966,
  "accuracy": 0.13020833333333334,
  "isv_gt": 0.46515094055585904,
  "isv_pred": 0.33241914642083387,
  "isv_error": 0.13273179413502517,
  "sf_gt": 0.6616163286909922,
  "sf_pred": 4.551685400000902,
  "sf_error": 3.8900690713099095,
  "algorithm": "algo2_force_grad"
}