{
  "TP": 201,
  "FP": 291,
  "FN": 0,
  "precision": 0.40853658536585363,
  "recall": 1.0,
  "f1": 0.5800865800865801,
  "accuracy": 0.40853658536585363,
  "isv_gt": 0.46515094055585904,
  "isv_pred": 0.22797203415643116,
  "isv_error": 0.23717890639942787,
  "sf_gt": 0.6616163286909922,
  "sf_pred": 1.6159451097915654,
  "sf_error": 0.9543287811005732,
  "algorithm": "algo4_TKEO_force_grad"
}