{
  "TP": 201,
  "FP": 1451,
  "FN": 0,
  "precision": 0.12167070217917676,
  "recall": 1.0,
  "f1": 0.21694549379384784,
  "accuracy": 0.12167070217917676,
  "isv_gt": 0.46515094055585904,
  "isv_pred": 0.12404419620808928,
  "isv_error": 0.3411067443477698,
  "sf_gt": 0.6616163286909922,
  "sf_pred": 4.743462756712468,
  "sf_error": 4.081846428021476
}