{
  "TP": 201,
  "FP": 355,
  "FN": 0,
  "precision": 0.36151079136690645,
  "recall": 1.0,
  "f1": 0.5310435931307793,
  "accuracy": 0.36151079136690645,
  "isv_gt": 0.46515094055585904,
  "isv_pred": 0.37342688217653924,
  "isv_error": 0.0917240583793198,
  "sf_gt": 0.6616163286909922,
  "sf_pred": 1.7540685756916752,
  "sf_error": 1.092452247000683,
  "algorithm": "algo1_accel"
}