{
  "TP": 200,
  "FP": 27,
  "FN": 1,
  "precision": 0.8810572687224669,
  "recall": 0.9950248756218906,
  "f1": 0.9345794392523364,
  "accuracy": 0.8810572687224669,
  "isv_gt": 0.46515094055585904,
  "isv_pred": 0.3545135349701068,
  "isv_error": 0.11063740558575225,
  "sf_gt": 0.6616163286909922,
  "sf_pred": 0.7468434480796414,
  "sf_error": 0.08522711938864924,
  "algorithm": "algo7_Force_Deriv"
}