geometry,average_ranking,std_ranking,participant_count
10.5,2.0,1.0954451150103324,6
14.0,2.1666666666666665,0.752772652709081,6
18.2,1.8333333333333333,0.752772652709081,6
